image_id,num_pred,num_gt,count_mae,tp_0.50,fp_0.50,fn_0.50,precision_0.50,recall_0.50,f1_0.50,tp_0.55,fp_0.55,fn_0.55,precision_0.55,recall_0.55,f1_0.55,tp_0.60,fp_0.60,fn_0.60,precision_0.60,recall_0.60,f1_0.60,tp_0.65,fp_0.65,fn_0.65,precision_0.65,recall_0.65,f1_0.65,tp_0.70,fp_0.70,fn_0.70,precision_0.70,recall_0.70,f1_0.70,tp_0.75,fp_0.75,fn_0.75,precision_0.75,recall_0.75,f1_0.75,tp_0.80,fp_0.80,fn_0.80,precision_0.80,recall_0.80,f1_0.80,tp_0.85,fp_0.85,fn_0.85,precision_0.85,recall_0.85,f1_0.85,tp_0.90,fp_0.90,fn_0.90,precision_0.90,recall_0.90,f1_0.90,tp_0.95,fp_0.95,fn_0.95,precision_0.95,recall_0.95,f1_0.95,pq,sq,rq
ARMS_063,5,12,7,1,4,11,0.19999999600000007,0.0833333326388889,0.1176470159169695,1,4,11,0.19999999600000007,0.0833333326388889,0.1176470159169695,1,4,11,0.19999999600000007,0.0833333326388889,0.1176470159169695,1,4,11,0.19999999600000007,0.0833333326388889,0.1176470159169695,1,4,11,0.19999999600000007,0.0833333326388889,0.1176470159169695,1,4,11,0.19999999600000007,0.0833333326388889,0.1176470159169695,1,4,11,0.19999999600000007,0.0833333326388889,0.1176470159169695,1,4,11,0.19999999600000007,0.0833333326388889,0.1176470159169695,1,4,11,0.19999999600000007,0.0833333326388889,0.1176470159169695,0,5,12,0.0,0.0,0.0,0.11043851817330441,0.9387274155169393,0.1176470574394464
AosugiruHaru_054,6,6,0,5,1,1,0.8333333194444447,0.8333333194444447,0.8333332694444477,5,1,1,0.8333333194444447,0.8333333194444447,0.8333332694444477,4,2,2,0.6666666555555557,0.6666666555555557,0.6666666055555593,4,2,2,0.6666666555555557,0.6666666555555557,0.6666666055555593,4,2,2,0.6666666555555557,0.6666666555555557,0.6666666055555593,4,2,2,0.6666666555555557,0.6666666555555557,0.6666666055555593,4,2,2,0.6666666555555557,0.6666666555555557,0.6666666055555593,4,2,2,0.6666666555555557,0.6666666555555557,0.6666666055555593,4,2,2,0.6666666555555557,0.6666666555555557,0.6666666055555593,4,2,2,0.6666666555555557,0.6666666555555557,0.6666666055555593,0.7540511549195003,0.9048614009844235,0.8333333194444447
AppareKappore_037,29,20,9,14,15,6,0.48275861902497025,0.6999999965,0.5714285207830111,14,15,6,0.48275861902497025,0.6999999965,0.5714285207830111,14,15,6,0.48275861902497025,0.6999999965,0.5714285207830111,14,15,6,0.48275861902497025,0.6999999965,0.5714285207830111,14,15,6,0.48275861902497025,0.6999999965,0.5714285207830111,14,15,6,0.48275861902497025,0.6999999965,0.5714285207830111,14,15,6,0.48275861902497025,0.6999999965,0.5714285207830111,14,15,6,0.48275861902497025,0.6999999965,0.5714285207830111,14,15,6,0.48275861902497025,0.6999999965,0.5714285207830111,13,16,7,0.4482758605231867,0.64999999675,0.5306121944189964,0.5537367182604603,0.969039260911068,0.5714285690962099
AppareKappore_039,27,16,11,10,17,6,0.37037036899862824,0.62499999609375,0.4651162301784796,10,17,6,0.37037036899862824,0.62499999609375,0.4651162301784796,10,17,6,0.37037036899862824,0.62499999609375,0.4651162301784796,10,17,6,0.37037036899862824,0.62499999609375,0.4651162301784796,10,17,6,0.37037036899862824,0.62499999609375,0.4651162301784796,10,17,6,0.37037036899862824,0.62499999609375,0.4651162301784796,10,17,6,0.37037036899862824,0.62499999609375,0.4651162301784796,10,17,6,0.37037036899862824,0.62499999609375,0.4651162301784796,10,17,6,0.37037036899862824,0.62499999609375,0.4651162301784796,9,18,7,0.3333333320987654,0.562499996484375,0.4186046024878365,0.44913930283336606,0.96564950558313,0.4651162769064359
Arisa_014,10,6,4,6,4,0,0.5999999940000001,0.9999999833333336,0.749999943750003,6,4,0,0.5999999940000001,0.9999999833333336,0.749999943750003,6,4,0,0.5999999940000001,0.9999999833333336,0.749999943750003,6,4,0,0.5999999940000001,0.9999999833333336,0.749999943750003,6,4,0,0.5999999940000001,0.9999999833333336,0.749999943750003,6,4,0,0.5999999940000001,0.9999999833333336,0.749999943750003,6,4,0,0.5999999940000001,0.9999999833333336,0.749999943750003,6,4,0,0.5999999940000001,0.9999999833333336,0.749999943750003,6,4,0,0.5999999940000001,0.9999999833333336,0.749999943750003,6,4,0,0.5999999940000001,0.9999999833333336,0.749999943750003,0.7366858611911584,0.9822478271996421,0.7499999906250002
Arisa_015,12,5,7,5,7,0,0.4166666631944445,0.9999999800000003,0.5882352456747433,5,7,0,0.4166666631944445,0.9999999800000003,0.5882352456747433,5,7,0,0.4166666631944445,0.9999999800000003,0.5882352456747433,5,7,0,0.4166666631944445,0.9999999800000003,0.5882352456747433,5,7,0,0.4166666631944445,0.9999999800000003,0.5882352456747433,4,8,1,0.3333333305555556,0.7999999840000003,0.47058818823529763,4,8,1,0.3333333305555556,0.7999999840000003,0.47058818823529763,4,8,1,0.3333333305555556,0.7999999840000003,0.47058818823529763,3,9,2,0.2499999979166667,0.5999999880000002,0.3529411307958525,3,9,2,0.2499999979166667,0.5999999880000002,0.3529411307958525,0.5398193195183871,0.9176928539776446,0.588235287197232
Arisa_025,19,17,2,14,5,3,0.7368421013850416,0.8235294069204152,0.7777777236111143,14,5,3,0.7368421013850416,0.8235294069204152,0.7777777236111143,14,5,3,0.7368421013850416,0.8235294069204152,0.7777777236111143,14,5,3,0.7368421013850416,0.8235294069204152,0.7777777236111143,14,5,3,0.7368421013850416,0.8235294069204152,0.7777777236111143,14,5,3,0.7368421013850416,0.8235294069204152,0.7777777236111143,14,5,3,0.7368421013850416,0.8235294069204152,0.7777777236111143,14,5,3,0.7368421013850416,0.8235294069204152,0.7777777236111143,14,5,3,0.7368421013850416,0.8235294069204152,0.7777777236111143,14,5,3,0.7368421013850416,0.8235294069204152,0.7777777236111143,0.7600886576784814,0.9772568510158237,0.7777777734567901
BEMADER_P_050,17,12,5,10,7,2,0.5882352906574394,0.833333326388889,0.6896551191438797,10,7,2,0.5882352906574394,0.833333326388889,0.6896551191438797,10,7,2,0.5882352906574394,0.833333326388889,0.6896551191438797,10,7,2,0.5882352906574394,0.833333326388889,0.6896551191438797,10,7,2,0.5882352906574394,0.833333326388889,0.6896551191438797,10,7,2,0.5882352906574394,0.833333326388889,0.6896551191438797,10,7,2,0.5882352906574394,0.833333326388889,0.6896551191438797,10,7,2,0.5882352906574394,0.833333326388889,0.6896551191438797,10,7,2,0.5882352906574394,0.833333326388889,0.6896551191438797,10,7,2,0.5882352906574394,0.833333326388889,0.6896551191438797,0.6770321381168652,0.9816966070397759,0.6896551676575506
BEMADER_P_082,2,4,2,0,2,4,0.0,0.0,0.0,0,2,4,0.0,0.0,0.0,0,2,4,0.0,0.0,0.0,0,2,4,0.0,0.0,0.0,0,2,4,0.0,0.0,0.0,0,2,4,0.0,0.0,0.0,0,2,4,0.0,0.0,0.0,0,2,4,0.0,0.0,0.0,0,2,4,0.0,0.0,0.0,0,2,4,0.0,0.0,0.0,0.0,0.0,0.0
BEMADER_P_093,8,12,4,0,8,12,0.0,0.0,0.0,0,8,12,0.0,0.0,0.0,0,8,12,0.0,0.0,0.0,0,8,12,0.0,0.0,0.0,0,8,12,0.0,0.0,0.0,0,8,12,0.0,0.0,0.0,0,8,12,0.0,0.0,0.0,0,8,12,0.0,0.0,0.0,0,8,12,0.0,0.0,0.0,0,8,12,0.0,0.0,0.0,0.0,0.0,0.0
BakuretsuKungFuGirl_025,19,26,7,14,5,12,0.7368421013850416,0.5384615363905325,0.6222221706666704,14,5,12,0.7368421013850416,0.5384615363905325,0.6222221706666704,14,5,12,0.7368421013850416,0.5384615363905325,0.6222221706666704,14,5,12,0.7368421013850416,0.5384615363905325,0.6222221706666704,14,5,12,0.7368421013850416,0.5384615363905325,0.6222221706666704,14,5,12,0.7368421013850416,0.5384615363905325,0.6222221706666704,14,5,12,0.7368421013850416,0.5384615363905325,0.6222221706666704,14,5,12,0.7368421013850416,0.5384615363905325,0.6222221706666704,13,6,13,0.6842105227146814,0.4999999980769231,0.5777777264197571,13,6,13,0.6842105227146814,0.4999999980769231,0.5777777264197571,0.5996389140480186,0.9637054018603078,0.6222222194567901
Belmondo_033,24,21,3,19,5,2,0.7916666633680556,0.9047619004535147,0.8444443909135831,19,5,2,0.7916666633680556,0.9047619004535147,0.8444443909135831,19,5,2,0.7916666633680556,0.9047619004535147,0.8444443909135831,19,5,2,0.7916666633680556,0.9047619004535147,0.8444443909135831,19,5,2,0.7916666633680556,0.9047619004535147,0.8444443909135831,18,6,3,0.749999996875,0.8571428530612245,0.7999999466666696,18,6,3,0.749999996875,0.8571428530612245,0.7999999466666696,18,6,3,0.749999996875,0.8571428530612245,0.7999999466666696,18,6,3,0.749999996875,0.8571428530612245,0.7999999466666696,18,6,3,0.749999996875,0.8571428530612245,0.7999999466666696,0.8155505417570534,0.9657835405836188,0.844444440691358
Belmondo_074,25,17,8,16,9,1,0.63999999744,0.9411764650519031,0.761904710090706,16,9,1,0.63999999744,0.9411764650519031,0.761904710090706,16,9,1,0.63999999744,0.9411764650519031,0.761904710090706,16,9,1,0.63999999744,0.9411764650519031,0.761904710090706,16,9,1,0.63999999744,0.9411764650519031,0.761904710090706,16,9,1,0.63999999744,0.9411764650519031,0.761904710090706,16,9,1,0.63999999744,0.9411764650519031,0.761904710090706,16,9,1,0.63999999744,0.9411764650519031,0.761904710090706,16,9,1,0.63999999744,0.9411764650519031,0.761904710090706,14,11,3,0.55999999776,0.8235294069204152,0.6666666153061259,0.7457492185403719,0.9787958539951709,0.761904758276644
BokuHaSitatakaKun_007,15,20,5,10,5,10,0.6666666622222223,0.49999999749999996,0.5714285191836777,10,5,10,0.6666666622222223,0.49999999749999996,0.5714285191836777,10,5,10,0.6666666622222223,0.49999999749999996,0.5714285191836777,10,5,10,0.6666666622222223,0.49999999749999996,0.5714285191836777,10,5,10,0.6666666622222223,0.49999999749999996,0.5714285191836777,10,5,10,0.6666666622222223,0.49999999749999996,0.5714285191836777,10,5,10,0.6666666622222223,0.49999999749999996,0.5714285191836777,9,6,11,0.5999999960000001,0.44999999775,0.5142856623673515,8,7,12,0.5333333297777778,0.39999999799999997,0.45714280555102565,7,8,13,0.4666666635555556,0.34999999825,0.39999994873469985,0.5399009426992433,0.9448266551226853,0.5714285681632653
BokuHaSitatakaKun_038,13,24,11,10,3,14,0.7692307633136095,0.41666666493055554,0.5405404920379877,10,3,14,0.7692307633136095,0.41666666493055554,0.5405404920379877,10,3,14,0.7692307633136095,0.41666666493055554,0.5405404920379877,10,3,14,0.7692307633136095,0.41666666493055554,0.5405404920379877,10,3,14,0.7692307633136095,0.41666666493055554,0.5405404920379877,10,3,14,0.7692307633136095,0.41666666493055554,0.5405404920379877,10,3,14,0.7692307633136095,0.41666666493055554,0.5405404920379877,10,3,14,0.7692307633136095,0.41666666493055554,0.5405404920379877,9,4,15,0.6923076869822486,0.3749999984375,0.4864864382761182,8,5,16,0.6153846106508877,0.3333333319444444,0.4324323845142488,0.517713776151623,0.9577704910576401,0.5405405376186998
BokuHaSitatakaKun_044,26,30,4,9,17,21,0.3461538448224852,0.299999999,0.321428520535722,9,17,21,0.3461538448224852,0.299999999,0.321428520535722,9,17,21,0.3461538448224852,0.299999999,0.321428520535722,9,17,21,0.3461538448224852,0.299999999,0.321428520535722,9,17,21,0.3461538448224852,0.299999999,0.321428520535722,9,17,21,0.3461538448224852,0.299999999,0.321428520535722,8,18,22,0.30769230650887575,0.26666666577777776,0.28571423494898823,8,18,22,0.30769230650887575,0.26666666577777776,0.28571423494898823,8,18,22,0.30769230650887575,0.26666666577777776,0.28571423494898823,8,18,22,0.30769230650887575,0.26666666577777776,0.28571423494898823,0.30702379630470833,0.9551851474704682,0.3214285702806122
BurariTessenTorimonocho_004,15,14,1,10,5,4,0.6666666622222223,0.7142857091836735,0.6896551177170072,9,6,5,0.5999999960000001,0.6428571382653062,0.6206896009512526,9,6,5,0.5999999960000001,0.6428571382653062,0.6206896009512526,9,6,5,0.5999999960000001,0.6428571382653062,0.6206896009512526,9,6,5,0.5999999960000001,0.6428571382653062,0.6206896009512526,9,6,5,0.5999999960000001,0.6428571382653062,0.6206896009512526,9,6,5,0.5999999960000001,0.6428571382653062,0.6206896009512526,9,6,5,0.5999999960000001,0.6428571382653062,0.6206896009512526,9,6,5,0.5999999960000001,0.6428571382653062,0.6206896009512526,9,6,5,0.5999999960000001,0.6428571382653062,0.6206896009512526,0.6425317060175815,0.9316709801508102,0.6896551676575506
Count3DeKimeteAgeru_025,22,18,4,9,13,9,0.40909090723140495,0.4999999972222222,0.44999994825000544,9,13,9,0.40909090723140495,0.4999999972222222,0.44999994825000544,9,13,9,0.40909090723140495,0.4999999972222222,0.44999994825000544,9,13,9,0.40909090723140495,0.4999999972222222,0.44999994825000544,9,13,9,0.40909090723140495,0.4999999972222222,0.44999994825000544,9,13,9,0.40909090723140495,0.4999999972222222,0.44999994825000544,9,13,9,0.40909090723140495,0.4999999972222222,0.44999994825000544,8,14,10,0.36363636198347105,0.44444444197530864,0.39999994850000614,8,14,10,0.36363636198347105,0.44444444197530864,0.39999994850000614,7,15,11,0.3181818167355372,0.38888888672839506,0.349999948750007,0.42745980742557155,0.9499106879174902,0.44999999775
EvaLady_038,14,20,6,7,7,13,0.49999999642857146,0.34999999825,0.41176465501730675,7,7,13,0.49999999642857146,0.34999999825,0.41176465501730675,7,7,13,0.49999999642857146,0.34999999825,0.41176465501730675,7,7,13,0.49999999642857146,0.34999999825,0.41176465501730675,7,7,13,0.49999999642857146,0.34999999825,0.41176465501730675,7,7,13,0.49999999642857146,0.34999999825,0.41176465501730675,6,8,14,0.4285714255102041,0.2999999985,0.3529411259515637,6,8,14,0.4285714255102041,0.2999999985,0.3529411259515637,6,8,14,0.4285714255102041,0.2999999985,0.3529411259515637,4,10,16,0.2857142836734694,0.19999999899999998,0.23529406782007917,0.3874342757322054,0.9409118180272742,0.4117647034602076
GOOD_KISS_Ver2_050,23,15,8,12,11,3,0.5217391281663516,0.7999999946666667,0.6315788962603913,12,11,3,0.5217391281663516,0.7999999946666667,0.6315788962603913,12,11,3,0.5217391281663516,0.7999999946666667,0.6315788962603913,12,11,3,0.5217391281663516,0.7999999946666667,0.6315788962603913,11,12,4,0.4782608674858223,0.7333333284444445,0.5789473175900316,11,12,4,0.4782608674858223,0.7333333284444445,0.5789473175900316,11,12,4,0.4782608674858223,0.7333333284444445,0.5789473175900316,11,12,4,0.4782608674858223,0.7333333284444445,0.5789473175900316,11,12,4,0.4782608674858223,0.7333333284444445,0.5789473175900316,10,13,5,0.434782606805293,0.6666666622222223,0.5263157389196719,0.593803180258199,0.9401883736905082,0.6315789440443214
GOOD_KISS_Ver2_072,18,12,6,10,8,2,0.5555555524691358,0.833333326388889,0.6666666142222257,10,8,2,0.5555555524691358,0.833333326388889,0.6666666142222257,10,8,2,0.5555555524691358,0.833333326388889,0.6666666142222257,10,8,2,0.5555555524691358,0.833333326388889,0.6666666142222257,10,8,2,0.5555555524691358,0.833333326388889,0.6666666142222257,10,8,2,0.5555555524691358,0.833333326388889,0.6666666142222257,10,8,2,0.5555555524691358,0.833333326388889,0.6666666142222257,10,8,2,0.5555555524691358,0.833333326388889,0.6666666142222257,10,8,2,0.5555555524691358,0.833333326388889,0.6666666142222257,10,8,2,0.5555555524691358,0.833333326388889,0.6666666142222257,0.6434501592017062,0.965175245237061,0.6666666622222223
GakuenNoise_041,9,7,2,2,7,5,0.22222221975308645,0.2857142816326531,0.24999994765625974,2,7,5,0.22222221975308645,0.2857142816326531,0.24999994765625974,2,7,5,0.22222221975308645,0.2857142816326531,0.24999994765625974,2,7,5,0.22222221975308645,0.2857142816326531,0.24999994765625974,2,7,5,0.22222221975308645,0.2857142816326531,0.24999994765625974,2,7,5,0.22222221975308645,0.2857142816326531,0.24999994765625974,2,7,5,0.22222221975308645,0.2857142816326531,0.24999994765625974,2,7,5,0.22222221975308645,0.2857142816326531,0.24999994765625974,2,7,5,0.22222221975308645,0.2857142816326531,0.24999994765625974,2,7,5,0.22222221975308645,0.2857142816326531,0.24999994765625974,0.2463064861485892,0.9852259569096811,0.24999999687500005
GakuenNoise_045,22,3,19,3,19,0,0.13636363574380164,0.9999999666666678,0.23999997696000136,3,19,0,0.13636363574380164,0.9999999666666678,0.23999997696000136,3,19,0,0.13636363574380164,0.9999999666666678,0.23999997696000136,3,19,0,0.13636363574380164,0.9999999666666678,0.23999997696000136,3,19,0,0.13636363574380164,0.9999999666666678,0.23999997696000136,3,19,0,0.13636363574380164,0.9999999666666678,0.23999997696000136,3,19,0,0.13636363574380164,0.9999999666666678,0.23999997696000136,3,19,0,0.13636363574380164,0.9999999666666678,0.23999997696000136,3,19,0,0.13636363574380164,0.9999999666666678,0.23999997696000136,3,19,0,0.13636363574380164,0.9999999666666678,0.23999997696000136,0.23555847459247037,0.9814936519872424,0.23999999808000003
GarakutayaManta_004,38,22,16,16,22,6,0.4210526304709141,0.7272727239669421,0.5333332851111151,16,22,6,0.4210526304709141,0.7272727239669421,0.5333332851111151,16,22,6,0.4210526304709141,0.7272727239669421,0.5333332851111151,16,22,6,0.4210526304709141,0.7272727239669421,0.5333332851111151,16,22,6,0.4210526304709141,0.7272727239669421,0.5333332851111151,16,22,6,0.4210526304709141,0.7272727239669421,0.5333332851111151,16,22,6,0.4210526304709141,0.7272727239669421,0.5333332851111151,16,22,6,0.4210526304709141,0.7272727239669421,0.5333332851111151,16,22,6,0.4210526304709141,0.7272727239669421,0.5333332851111151,14,24,8,0.36842105166204986,0.6363636334710744,0.46666661866667114,0.5188470574407298,0.9728382359441626,0.5333333315555555
GinNoChimera_047,8,3,5,2,6,1,0.24999999687500005,0.6666666444444452,0.363636317355376,2,6,1,0.24999999687500005,0.6666666444444452,0.363636317355376,2,6,1,0.24999999687500005,0.6666666444444452,0.363636317355376,2,6,1,0.24999999687500005,0.6666666444444452,0.363636317355376,2,6,1,0.24999999687500005,0.6666666444444452,0.363636317355376,2,6,1,0.24999999687500005,0.6666666444444452,0.363636317355376,2,6,1,0.24999999687500005,0.6666666444444452,0.363636317355376,2,6,1,0.24999999687500005,0.6666666444444452,0.363636317355376,2,6,1,0.24999999687500005,0.6666666444444452,0.363636317355376,2,6,1,0.24999999687500005,0.6666666444444452,0.363636317355376,0.35819341067836175,0.9850318972751655,0.36363635702479347
HanzaiKousyouninMinegishiEitarou_092,22,22,0,17,5,5,0.772727269214876,0.772727269214876,0.7727272192148792,17,5,5,0.772727269214876,0.772727269214876,0.7727272192148792,17,5,5,0.772727269214876,0.772727269214876,0.7727272192148792,17,5,5,0.772727269214876,0.772727269214876,0.7727272192148792,17,5,5,0.772727269214876,0.772727269214876,0.7727272192148792,17,5,5,0.772727269214876,0.772727269214876,0.7727272192148792,17,5,5,0.772727269214876,0.772727269214876,0.7727272192148792,17,5,5,0.772727269214876,0.772727269214876,0.7727272192148792,17,5,5,0.772727269214876,0.772727269214876,0.7727272192148792,14,8,8,0.6363636334710744,0.6363636334710744,0.6363635834710784,0.743315620839449,0.9619378666352613,0.772727269214876
HaruichibanNoFukukoro_091,6,7,1,4,2,3,0.6666666555555557,0.5714285632653062,0.6153845562130219,4,2,3,0.6666666555555557,0.5714285632653062,0.6153845562130219,4,2,3,0.6666666555555557,0.5714285632653062,0.6153845562130219,4,2,3,0.6666666555555557,0.5714285632653062,0.6153845562130219,4,2,3,0.6666666555555557,0.5714285632653062,0.6153845562130219,3,3,4,0.4999999916666668,0.42857142244897967,0.4615384047337333,3,3,4,0.4999999916666668,0.42857142244897967,0.4615384047337333,3,3,4,0.4999999916666668,0.42857142244897967,0.4615384047337333,3,3,4,0.4999999916666668,0.42857142244897967,0.4615384047337333,2,4,5,0.33333332777777785,0.2857142816326531,0.307692253254446,0.5570924323446329,0.9052752164873392,0.6153846059171599
HarukaRefrain_048,10,7,3,6,4,1,0.5999999940000001,0.8571428448979593,0.7058822961937751,6,4,1,0.5999999940000001,0.8571428448979593,0.7058822961937751,6,4,1,0.5999999940000001,0.8571428448979593,0.7058822961937751,6,4,1,0.5999999940000001,0.8571428448979593,0.7058822961937751,6,4,1,0.5999999940000001,0.8571428448979593,0.7058822961937751,6,4,1,0.5999999940000001,0.8571428448979593,0.7058822961937751,6,4,1,0.5999999940000001,0.8571428448979593,0.7058822961937751,5,5,2,0.4999999950000001,0.7142857040816327,0.5882352387543291,4,6,3,0.3999999960000001,0.5714285632653062,0.470588181314884,4,6,3,0.3999999960000001,0.5714285632653062,0.470588181314884,0.661515716636816,0.9371472762607512,0.7058823446366783
HarukaRefrain_054,27,23,4,21,6,2,0.7777777748971193,0.9130434742911153,0.8399999469600028,21,6,2,0.7777777748971193,0.9130434742911153,0.8399999469600028,21,6,2,0.7777777748971193,0.9130434742911153,0.8399999469600028,21,6,2,0.7777777748971193,0.9130434742911153,0.8399999469600028,21,6,2,0.7777777748971193,0.9130434742911153,0.8399999469600028,21,6,2,0.7777777748971193,0.9130434742911153,0.8399999469600028,20,7,3,0.7407407379972565,0.869565213610586,0.799999947120003,19,8,4,0.7037037010973937,0.8260869529300567,0.7599999472800032,19,8,4,0.7037037010973937,0.8260869529300567,0.7599999472800032,17,10,6,0.629629627297668,0.739130431568998,0.6799999476000036,0.8010817653550013,0.9536687720944386,0.83999999664
HealingPlanet_011,14,13,1,5,9,8,0.35714285459183676,0.38461538165680476,0.37037031769548007,5,9,8,0.35714285459183676,0.38461538165680476,0.37037031769548007,5,9,8,0.35714285459183676,0.38461538165680476,0.37037031769548007,5,9,8,0.35714285459183676,0.38461538165680476,0.37037031769548007,5,9,8,0.35714285459183676,0.38461538165680476,0.37037031769548007,5,9,8,0.35714285459183676,0.38461538165680476,0.37037031769548007,4,10,9,0.2857142836734694,0.30769230532544384,0.2962962441701045,4,10,9,0.2857142836734694,0.30769230532544384,0.2962962441701045,4,10,9,0.2857142836734694,0.30769230532544384,0.2962962441701045,4,10,9,0.2857142836734694,0.30769230532544384,0.2962962441701045,0.35026566118605956,0.945717292207674,0.3703703676268862
HealingPlanet_026,10,12,2,5,5,7,0.4999999950000001,0.4166666631944445,0.4545454008264518,5,5,7,0.4999999950000001,0.4166666631944445,0.4545454008264518,5,5,7,0.4999999950000001,0.4166666631944445,0.4545454008264518,5,5,7,0.4999999950000001,0.4166666631944445,0.4545454008264518,5,5,7,0.4999999950000001,0.4166666631944445,0.4545454008264518,5,5,7,0.4999999950000001,0.4166666631944445,0.4545454008264518,5,5,7,0.4999999950000001,0.4166666631944445,0.4545454008264518,4,6,8,0.3999999960000001,0.3333333305555556,0.3636363107438084,3,7,9,0.2999999970000001,0.2499999979166667,0.2727272206611661,3,7,9,0.2999999970000001,0.2499999979166667,0.2727272206611661,0.418639052870531,0.9210059246879492,0.4545454504132232
HealingPlanet_047,18,13,5,9,9,4,0.4999999972222222,0.6923076869822486,0.5806451088449572,9,9,4,0.4999999972222222,0.6923076869822486,0.5806451088449572,9,9,4,0.4999999972222222,0.6923076869822486,0.5806451088449572,8,10,5,0.44444444197530864,0.6153846106508877,0.5161289802289327,8,10,5,0.44444444197530864,0.6153846106508877,0.5161289802289327,8,10,5,0.44444444197530864,0.6153846106508877,0.5161289802289327,8,10,5,0.44444444197530864,0.6153846106508877,0.5161289802289327,7,11,6,0.38888888672839506,0.5384615343195267,0.4516128516129085,7,11,6,0.38888888672839506,0.5384615343195267,0.4516128516129085,6,12,7,0.3333333314814815,0.46153845798816573,0.3870967229968844,0.5310748349696833,0.9146288883486194,0.5806451575442249
HeiseiJimen_104,22,17,5,14,8,3,0.6363636334710744,0.8235294069204152,0.7179486650887608,13,9,4,0.5909090882231405,0.7647058778546713,0.6666666140696946,13,9,4,0.5909090882231405,0.7647058778546713,0.6666666140696946,13,9,4,0.5909090882231405,0.7647058778546713,0.6666666140696946,13,9,4,0.5909090882231405,0.7647058778546713,0.6666666140696946,13,9,4,0.5909090882231405,0.7647058778546713,0.6666666140696946,13,9,4,0.5909090882231405,0.7647058778546713,0.6666666140696946,13,9,4,0.5909090882231405,0.7647058778546713,0.6666666140696946,13,9,4,0.5909090882231405,0.7647058778546713,0.6666666140696946,12,10,5,0.5454545429752066,0.7058823487889273,0.6153845630506284,0.6789420014469181,0.9456692211506502,0.7179487142669296
Joouari_004,2,17,15,2,0,15,0.9999999500000026,0.11764705813148789,0.21052629473684317,2,0,15,0.9999999500000026,0.11764705813148789,0.21052629473684317,2,0,15,0.9999999500000026,0.11764705813148789,0.21052629473684317,2,0,15,0.9999999500000026,0.11764705813148789,0.21052629473684317,1,1,16,0.4999999750000013,0.058823529065743944,0.10526313795014125,1,1,16,0.4999999750000013,0.058823529065743944,0.10526313795014125,1,1,16,0.4999999750000013,0.058823529065743944,0.10526313795014125,1,1,16,0.4999999750000013,0.058823529065743944,0.10526313795014125,1,1,16,0.4999999750000013,0.058823529065743944,0.10526313795014125,1,1,16,0.4999999750000013,0.058823529065743944,0.10526313795014125,0.17270862868262915,0.8203659948779198,0.21052631357340723
Joouari_050,2,11,9,2,0,9,0.9999999500000026,0.18181818016528928,0.3076922769230785,2,0,9,0.9999999500000026,0.18181818016528928,0.3076922769230785,2,0,9,0.9999999500000026,0.18181818016528928,0.3076922769230785,2,0,9,0.9999999500000026,0.18181818016528928,0.3076922769230785,2,0,9,0.9999999500000026,0.18181818016528928,0.3076922769230785,2,0,9,0.9999999500000026,0.18181818016528928,0.3076922769230785,2,0,9,0.9999999500000026,0.18181818016528928,0.3076922769230785,2,0,9,0.9999999500000026,0.18181818016528928,0.3076922769230785,2,0,9,0.9999999500000026,0.18181818016528928,0.3076922769230785,2,0,9,0.9999999500000026,0.18181818016528928,0.3076922769230785,0.29968402832494406,0.9739731070402695,0.30769230295857997
Joouari_061,0,12,12,0,0,12,0.0,0.0,0.0,0,0,12,0.0,0.0,0.0,0,0,12,0.0,0.0,0.0,0,0,12,0.0,0.0,0.0,0,0,12,0.0,0.0,0.0,0,0,12,0.0,0.0,0.0,0,0,12,0.0,0.0,0.0,0,0,12,0.0,0.0,0.0,0,0,12,0.0,0.0,0.0,0,0,12,0.0,0.0,0.0,0.0,0.0,0.0
Jyovolley_059,16,17,1,12,4,5,0.7499999953125,0.7058823487889273,0.7272726729109308,12,4,5,0.7499999953125,0.7058823487889273,0.7272726729109308,12,4,5,0.7499999953125,0.7058823487889273,0.7272726729109308,12,4,5,0.7499999953125,0.7058823487889273,0.7272726729109308,11,5,6,0.6874999957031249,0.6470588197231834,0.66666661267218,11,5,6,0.6874999957031249,0.6470588197231834,0.66666661267218,11,5,6,0.6874999957031249,0.6470588197231834,0.66666661267218,9,7,8,0.562499996484375,0.5294117615916955,0.5454544921946786,9,7,8,0.562499996484375,0.5294117615916955,0.5454544921946786,8,8,9,0.49999999687499996,0.47058823252595156,0.484848431955928,0.6731485352560287,0.9255792415866106,0.7272727228650138
KarappoHighschool_054,4,6,2,3,1,3,0.7499999812500004,0.4999999916666668,0.5999999400000039,3,1,3,0.7499999812500004,0.4999999916666668,0.5999999400000039,3,1,3,0.7499999812500004,0.4999999916666668,0.5999999400000039,3,1,3,0.7499999812500004,0.4999999916666668,0.5999999400000039,3,1,3,0.7499999812500004,0.4999999916666668,0.5999999400000039,3,1,3,0.7499999812500004,0.4999999916666668,0.5999999400000039,3,1,3,0.7499999812500004,0.4999999916666668,0.5999999400000039,3,1,3,0.7499999812500004,0.4999999916666668,0.5999999400000039,3,1,3,0.7499999812500004,0.4999999916666668,0.5999999400000039,3,1,3,0.7499999812500004,0.4999999916666668,0.5999999400000039,0.5831124886045427,0.9718541671113209,0.5999999880000002
KuroidoGanka_033,12,13,1,9,3,4,0.74999999375,0.6923076869822486,0.7199999443200035,9,3,4,0.74999999375,0.6923076869822486,0.7199999443200035,9,3,4,0.74999999375,0.6923076869822486,0.7199999443200035,9,3,4,0.74999999375,0.6923076869822486,0.7199999443200035,9,3,4,0.74999999375,0.6923076869822486,0.7199999443200035,9,3,4,0.74999999375,0.6923076869822486,0.7199999443200035,9,3,4,0.74999999375,0.6923076869822486,0.7199999443200035,8,4,5,0.6666666611111112,0.6153846106508877,0.639999944960004,7,5,6,0.5833333284722223,0.5384615343195267,0.5599999456000044,7,5,6,0.5833333284722223,0.5384615343195267,0.5599999456000044,0.6857855835479845,0.9524799847698182,0.71999999424
KuroidoGanka_048,18,14,4,13,5,1,0.7222222182098765,0.9285714219387756,0.8124999457031281,12,6,2,0.666666662962963,0.8571428510204082,0.7499999460937532,12,6,2,0.666666662962963,0.8571428510204082,0.7499999460937532,12,6,2,0.666666662962963,0.8571428510204082,0.7499999460937532,12,6,2,0.666666662962963,0.8571428510204082,0.7499999460937532,12,6,2,0.666666662962963,0.8571428510204082,0.7499999460937532,12,6,2,0.666666662962963,0.8571428510204082,0.7499999460937532,12,6,2,0.666666662962963,0.8571428510204082,0.7499999460937532,11,7,3,0.6111111077160494,0.7857142801020409,0.6874999464843785,11,7,3,0.6111111077160494,0.7857142801020409,0.6874999464843785,0.7612919022518287,0.9369746547814193,0.812499994921875
KyokugenCyclone_021,16,14,2,12,4,2,0.7499999953125,0.8571428510204082,0.7999999448888918,12,4,2,0.7499999953125,0.8571428510204082,0.7999999448888918,12,4,2,0.7499999953125,0.8571428510204082,0.7999999448888918,12,4,2,0.7499999953125,0.8571428510204082,0.7999999448888918,12,4,2,0.7499999953125,0.8571428510204082,0.7999999448888918,12,4,2,0.7499999953125,0.8571428510204082,0.7999999448888918,12,4,2,0.7499999953125,0.8571428510204082,0.7999999448888918,12,4,2,0.7499999953125,0.8571428510204082,0.7999999448888918,12,4,2,0.7499999953125,0.8571428510204082,0.7999999448888918,10,6,4,0.62499999609375,0.7142857091836735,0.6666666124444482,0.7711481829382124,0.9639352350990004,0.7999999946666667
KyokugenCyclone_046,14,9,5,6,8,3,0.4285714255102041,0.6666666592592594,0.5217390782608738,6,8,3,0.4285714255102041,0.6666666592592594,0.5217390782608738,6,8,3,0.4285714255102041,0.6666666592592594,0.5217390782608738,6,8,3,0.4285714255102041,0.6666666592592594,0.5217390782608738,6,8,3,0.4285714255102041,0.6666666592592594,0.5217390782608738,6,8,3,0.4285714255102041,0.6666666592592594,0.5217390782608738,6,8,3,0.4285714255102041,0.6666666592592594,0.5217390782608738,6,8,3,0.4285714255102041,0.6666666592592594,0.5217390782608738,6,8,3,0.4285714255102041,0.6666666592592594,0.5217390782608738,6,8,3,0.4285714255102041,0.6666666592592594,0.5217390782608738,0.5076321791628088,0.972961685189253,0.5217391258979207
LoveHina_vol01_050,13,19,6,10,3,9,0.7692307633136095,0.5263157867036011,0.6249999478515661,10,3,9,0.7692307633136095,0.5263157867036011,0.6249999478515661,10,3,9,0.7692307633136095,0.5263157867036011,0.6249999478515661,9,4,10,0.6923076869822486,0.47368420803324096,0.5624999482421915,9,4,10,0.6923076869822486,0.47368420803324096,0.5624999482421915,9,4,10,0.6923076869822486,0.47368420803324096,0.5624999482421915,9,4,10,0.6923076869822486,0.47368420803324096,0.5624999482421915,8,5,11,0.6153846106508877,0.42105262936288085,0.4999999486328172,8,5,11,0.6153846106508877,0.42105262936288085,0.4999999486328172,5,8,14,0.38461538165680476,0.26315789335180056,0.3124999498046949,0.5664828879097139,0.9063726263203712,0.62499999609375
LoveHina_vol14_023,29,30,1,20,9,10,0.6896551700356718,0.6666666644444444,0.6779660494110924,20,9,10,0.6896551700356718,0.6666666644444444,0.6779660494110924,20,9,10,0.6896551700356718,0.6666666644444444,0.6779660494110924,20,9,10,0.6896551700356718,0.6666666644444444,0.6779660494110924,20,9,10,0.6896551700356718,0.6666666644444444,0.6779660494110924,20,9,10,0.6896551700356718,0.6666666644444444,0.6779660494110924,20,9,10,0.6896551700356718,0.6666666644444444,0.6779660494110924,20,9,10,0.6896551700356718,0.6666666644444444,0.6779660494110924,20,9,10,0.6896551700356718,0.6666666644444444,0.6779660494110924,18,11,12,0.6206896530321047,0.599999998,0.6101694394714202,0.6565072346199913,0.9683481743470234,0.677966099396725
MagicStarGakuin_064,5,20,15,4,1,16,0.7999999840000003,0.19999999899999998,0.3199999654400029,4,1,16,0.7999999840000003,0.19999999899999998,0.3199999654400029,4,1,16,0.7999999840000003,0.19999999899999998,0.3199999654400029,3,2,17,0.5999999880000002,0.14999999925,0.23999996608000398,3,2,17,0.5999999880000002,0.14999999925,0.23999996608000398,3,2,17,0.5999999880000002,0.14999999925,0.23999996608000398,3,2,17,0.5999999880000002,0.14999999925,0.23999996608000398,3,2,17,0.5999999880000002,0.14999999925,0.23999996608000398,3,2,17,0.5999999880000002,0.14999999925,0.23999996608000398,3,2,17,0.5999999880000002,0.14999999925,0.23999996608000398,0.283755351307395,0.8867354799294932,0.31999999744
MagicianLoad_026,9,9,0,5,4,4,0.5555555493827161,0.5555555493827161,0.5555554993827205,5,4,4,0.5555555493827161,0.5555555493827161,0.5555554993827205,5,4,4,0.5555555493827161,0.5555555493827161,0.5555554993827205,5,4,4,0.5555555493827161,0.5555555493827161,0.5555554993827205,5,4,4,0.5555555493827161,0.5555555493827161,0.5555554993827205,5,4,4,0.5555555493827161,0.5555555493827161,0.5555554993827205,5,4,4,0.5555555493827161,0.5555555493827161,0.5555554993827205,5,4,4,0.5555555493827161,0.5555555493827161,0.5555554993827205,5,4,4,0.5555555493827161,0.5555555493827161,0.5555554993827205,4,5,5,0.4444444395061729,0.4444444395061729,0.44444438950617854,0.5302358524156056,0.954424544952807,0.5555555493827161
MariaSamaNihaNaisyo_062,6,12,6,1,5,11,0.16666666388888893,0.0833333326388889,0.11111106543211643,1,5,11,0.16666666388888893,0.0833333326388889,0.11111106543211643,1,5,11,0.16666666388888893,0.0833333326388889,0.11111106543211643,1,5,11,0.16666666388888893,0.0833333326388889,0.11111106543211643,1,5,11,0.16666666388888893,0.0833333326388889,0.11111106543211643,1,5,11,0.16666666388888893,0.0833333326388889,0.11111106543211643,1,5,11,0.16666666388888893,0.0833333326388889,0.11111106543211643,1,5,11,0.16666666388888893,0.0833333326388889,0.11111106543211643,1,5,11,0.16666666388888893,0.0833333326388889,0.11111106543211643,1,5,11,0.16666666388888893,0.0833333326388889,0.11111106543211643,0.10677483240142503,0.9609735022903085,0.11111110987654323
MayaNoAkaiKutsu_017,4,9,5,3,1,6,0.7499999812500004,0.3333333296296297,0.46153841183432337,3,1,6,0.7499999812500004,0.3333333296296297,0.46153841183432337,3,1,6,0.7499999812500004,0.3333333296296297,0.46153841183432337,3,1,6,0.7499999812500004,0.3333333296296297,0.46153841183432337,3,1,6,0.7499999812500004,0.3333333296296297,0.46153841183432337,3,1,6,0.7499999812500004,0.3333333296296297,0.46153841183432337,3,1,6,0.7499999812500004,0.3333333296296297,0.46153841183432337,3,1,6,0.7499999812500004,0.3333333296296297,0.46153841183432337,3,1,6,0.7499999812500004,0.3333333296296297,0.46153841183432337,3,1,6,0.7499999812500004,0.3333333296296297,0.46153841183432337,0.4494396863224426,0.9737860020132819,0.4615384544378699
MayaNoAkaiKutsu_048,12,12,0,7,5,5,0.5833333284722223,0.5833333284722223,0.5833332784722265,7,5,5,0.5833333284722223,0.5833333284722223,0.5833332784722265,7,5,5,0.5833333284722223,0.5833333284722223,0.5833332784722265,7,5,5,0.5833333284722223,0.5833333284722223,0.5833332784722265,7,5,5,0.5833333284722223,0.5833333284722223,0.5833332784722265,7,5,5,0.5833333284722223,0.5833333284722223,0.5833332784722265,7,5,5,0.5833333284722223,0.5833333284722223,0.5833332784722265,7,5,5,0.5833333284722223,0.5833333284722223,0.5833332784722265,6,6,6,0.4999999958333334,0.4999999958333334,0.4999999458333384,6,6,6,0.4999999958333334,0.4999999958333334,0.4999999458333384,0.5616360299081885,0.9628046307231236,0.5833333284722223
MemorySeijin_054,30,19,11,19,11,0,0.6333333312222222,0.9999999947368421,0.7755101534360712,19,11,0,0.6333333312222222,0.9999999947368421,0.7755101534360712,19,11,0,0.6333333312222222,0.9999999947368421,0.7755101534360712,19,11,0,0.6333333312222222,0.9999999947368421,0.7755101534360712,19,11,0,0.6333333312222222,0.9999999947368421,0.7755101534360712,19,11,0,0.6333333312222222,0.9999999947368421,0.7755101534360712,19,11,0,0.6333333312222222,0.9999999947368421,0.7755101534360712,19,11,0,0.6333333312222222,0.9999999947368421,0.7755101534360712,19,11,0,0.6333333312222222,0.9999999947368421,0.7755101534360712,17,13,2,0.5666666647777777,0.8947368373961219,0.6938775007080414,0.7511710229189853,0.9686152703490654,0.7755102009162849
MisutenaideDaisy_011,18,21,3,10,8,11,0.5555555524691358,0.4761904739229025,0.5128204604865267,10,8,11,0.5555555524691358,0.4761904739229025,0.5128204604865267,10,8,11,0.5555555524691358,0.4761904739229025,0.5128204604865267,10,8,11,0.5555555524691358,0.4761904739229025,0.5128204604865267,10,8,11,0.5555555524691358,0.4761904739229025,0.5128204604865267,10,8,11,0.5555555524691358,0.4761904739229025,0.5128204604865267,10,8,11,0.5555555524691358,0.4761904739229025,0.5128204604865267,10,8,11,0.5555555524691358,0.4761904739229025,0.5128204604865267,10,8,11,0.5555555524691358,0.4761904739229025,0.5128204604865267,9,9,12,0.4999999972222222,0.42857142653061225,0.461538409467461,0.49741781642404714,0.9699647470010702,0.512820510190664
MisutenaideDaisy_025,3,3,0,2,1,1,0.6666666444444452,0.6666666444444452,0.6666665944444489,2,1,1,0.6666666444444452,0.6666666444444452,0.6666665944444489,2,1,1,0.6666666444444452,0.6666666444444452,0.6666665944444489,2,1,1,0.6666666444444452,0.6666666444444452,0.6666665944444489,2,1,1,0.6666666444444452,0.6666666444444452,0.6666665944444489,2,1,1,0.6666666444444452,0.6666666444444452,0.6666665944444489,2,1,1,0.6666666444444452,0.6666666444444452,0.6666665944444489,2,1,1,0.6666666444444452,0.6666666444444452,0.6666665944444489,2,1,1,0.6666666444444452,0.6666666444444452,0.6666665944444489,2,1,1,0.6666666444444452,0.6666666444444452,0.6666665944444489,0.6525147671085834,0.9787721832886134,0.6666666444444452
MisutenaideDaisy_077,10,14,4,1,9,13,0.09999999900000002,0.07142857091836735,0.08333328402780613,1,9,13,0.09999999900000002,0.07142857091836735,0.08333328402780613,1,9,13,0.09999999900000002,0.07142857091836735,0.08333328402780613,1,9,13,0.09999999900000002,0.07142857091836735,0.08333328402780613,1,9,13,0.09999999900000002,0.07142857091836735,0.08333328402780613,0,10,14,0.0,0.0,0.0,0,10,14,0.0,0.0,0.0,0,10,14,0.0,0.0,0.0,0,10,14,0.0,0.0,0.0,0,10,14,0.0,0.0,0.0,0.061891654181972976,0.7426998563728411,0.0833333326388889
MukoukizuNoChonbo_039,8,9,1,7,1,2,0.8749999890625002,0.7777777691358027,0.8235293522491383,7,1,2,0.8749999890625002,0.7777777691358027,0.8235293522491383,7,1,2,0.8749999890625002,0.7777777691358027,0.8235293522491383,7,1,2,0.8749999890625002,0.7777777691358027,0.8235293522491383,7,1,2,0.8749999890625002,0.7777777691358027,0.8235293522491383,7,1,2,0.8749999890625002,0.7777777691358027,0.8235293522491383,7,1,2,0.8749999890625002,0.7777777691358027,0.8235293522491383,7,1,2,0.8749999890625002,0.7777777691358027,0.8235293522491383,7,1,2,0.8749999890625002,0.7777777691358027,0.8235293522491383,7,1,2,0.8749999890625002,0.7777777691358027,0.8235293522491383,0.803395606852358,0.9755518197978004,0.8235294020761248
MutekiBoukenSyakuma_059,15,15,0,6,9,9,0.39999999733333336,0.39999999733333336,0.3999999473333396,6,9,9,0.39999999733333336,0.39999999733333336,0.3999999473333396,6,9,9,0.39999999733333336,0.39999999733333336,0.3999999473333396,6,9,9,0.39999999733333336,0.39999999733333336,0.3999999473333396,6,9,9,0.39999999733333336,0.39999999733333336,0.3999999473333396,6,9,9,0.39999999733333336,0.39999999733333336,0.3999999473333396,6,9,9,0.39999999733333336,0.39999999733333336,0.3999999473333396,6,9,9,0.39999999733333336,0.39999999733333336,0.3999999473333396,6,9,9,0.39999999733333336,0.39999999733333336,0.3999999473333396,5,10,10,0.33333333111111113,0.33333333111111113,0.33333328111111865,0.384299254654662,0.9607481430416426,0.39999999733333336
NichijouSoup_005,2,2,0,0,2,2,0.0,0.0,0.0,0,2,2,0.0,0.0,0.0,0,2,2,0.0,0.0,0.0,0,2,2,0.0,0.0,0.0,0,2,2,0.0,0.0,0.0,0,2,2,0.0,0.0,0.0,0,2,2,0.0,0.0,0.0,0,2,2,0.0,0.0,0.0,0,2,2,0.0,0.0,0.0,0,2,2,0.0,0.0,0.0,0.0,0.0,0.0
NichijouSoup_008,26,18,8,17,9,1,0.6538461513313609,0.9444444391975308,0.7727272208677715,17,9,1,0.6538461513313609,0.9444444391975308,0.7727272208677715,17,9,1,0.6538461513313609,0.9444444391975308,0.7727272208677715,17,9,1,0.6538461513313609,0.9444444391975308,0.7727272208677715,17,9,1,0.6538461513313609,0.9444444391975308,0.7727272208677715,17,9,1,0.6538461513313609,0.9444444391975308,0.7727272208677715,17,9,1,0.6538461513313609,0.9444444391975308,0.7727272208677715,17,9,1,0.6538461513313609,0.9444444391975308,0.7727272208677715,17,9,1,0.6538461513313609,0.9444444391975308,0.7727272208677715,17,9,1,0.6538461513313609,0.9444444391975308,0.7727272208677715,0.7532143452046836,0.9747479805779102,0.772727269214876
NichijouSoup_015,18,15,3,15,3,0,0.8333333287037037,0.9999999933333334,0.9090908539944931,15,3,0,0.8333333287037037,0.9999999933333334,0.9090908539944931,15,3,0,0.8333333287037037,0.9999999933333334,0.9090908539944931,15,3,0,0.8333333287037037,0.9999999933333334,0.9090908539944931,15,3,0,0.8333333287037037,0.9999999933333334,0.9090908539944931,15,3,0,0.8333333287037037,0.9999999933333334,0.9090908539944931,15,3,0,0.8333333287037037,0.9999999933333334,0.9090908539944931,14,4,1,0.7777777734567901,0.9333333271111112,0.848484793755742,14,4,1,0.7777777734567901,0.9333333271111112,0.848484793755742,14,4,1,0.7777777734567901,0.9333333271111112,0.848484793755742,0.8836509285874883,0.9720160273372433,0.9090909035812672
NichijouSoup_066,14,10,4,10,4,0,0.7142857091836735,0.9999999900000002,0.8333332777777807,10,4,0,0.7142857091836735,0.9999999900000002,0.8333332777777807,10,4,0,0.7142857091836735,0.9999999900000002,0.8333332777777807,10,4,0,0.7142857091836735,0.9999999900000002,0.8333332777777807,10,4,0,0.7142857091836735,0.9999999900000002,0.8333332777777807,10,4,0,0.7142857091836735,0.9999999900000002,0.8333332777777807,10,4,0,0.7142857091836735,0.9999999900000002,0.8333332777777807,10,4,0,0.7142857091836735,0.9999999900000002,0.8333332777777807,10,4,0,0.7142857091836735,0.9999999900000002,0.8333332777777807,9,5,1,0.6428571382653062,0.8999999910000002,0.7499999451388921,0.8134642112845496,0.9761570616761016,0.833333326388889
PlatinumJungle_031,8,4,4,4,4,0,0.4999999937500001,0.9999999750000006,0.666666611111114,4,4,0,0.4999999937500001,0.9999999750000006,0.666666611111114,2,6,2,0.24999999687500005,0.4999999875000003,0.33333328333333917,2,6,2,0.24999999687500005,0.4999999875000003,0.33333328333333917,2,6,2,0.24999999687500005,0.4999999875000003,0.33333328333333917,2,6,2,0.24999999687500005,0.4999999875000003,0.33333328333333917,2,6,2,0.24999999687500005,0.4999999875000003,0.33333328333333917,2,6,2,0.24999999687500005,0.4999999875000003,0.33333328333333917,2,6,2,0.24999999687500005,0.4999999875000003,0.33333328333333917,2,6,2,0.24999999687500005,0.4999999875000003,0.33333328333333917,0.5141959798350463,0.771293982607469,0.6666666555555557
PsychoStaff_006,29,18,11,17,12,1,0.586206894530321,0.9444444391975308,0.7234042049796319,17,12,1,0.586206894530321,0.9444444391975308,0.7234042049796319,17,12,1,0.586206894530321,0.9444444391975308,0.7234042049796319,17,12,1,0.586206894530321,0.9444444391975308,0.7234042049796319,17,12,1,0.586206894530321,0.9444444391975308,0.7234042049796319,17,12,1,0.586206894530321,0.9444444391975308,0.7234042049796319,17,12,1,0.586206894530321,0.9444444391975308,0.7234042049796319,17,12,1,0.586206894530321,0.9444444391975308,0.7234042049796319,17,12,1,0.586206894530321,0.9444444391975308,0.7234042049796319,15,14,3,0.5172413775267538,0.8333333287037037,0.6382978223630635,0.7029477071056239,0.971721834545702,0.7234042522408329
Raphael_068,12,10,2,10,2,0,0.833333326388889,0.9999999900000002,0.9090908512396723,10,2,0,0.833333326388889,0.9999999900000002,0.9090908512396723,10,2,0,0.833333326388889,0.9999999900000002,0.9090908512396723,10,2,0,0.833333326388889,0.9999999900000002,0.9090908512396723,10,2,0,0.833333326388889,0.9999999900000002,0.9090908512396723,10,2,0,0.833333326388889,0.9999999900000002,0.9090908512396723,10,2,0,0.833333326388889,0.9999999900000002,0.9090908512396723,10,2,0,0.833333326388889,0.9999999900000002,0.9090908512396723,10,2,0,0.833333326388889,0.9999999900000002,0.9090908512396723,10,2,0,0.833333326388889,0.9999999900000002,0.9090908512396723,0.8935963789444034,0.9829560257748075,0.9090909008264464
Raphael_070,15,15,0,12,3,3,0.7999999946666667,0.7999999946666667,0.7999999446666698,12,3,3,0.7999999946666667,0.7999999946666667,0.7999999446666698,12,3,3,0.7999999946666667,0.7999999946666667,0.7999999446666698,12,3,3,0.7999999946666667,0.7999999946666667,0.7999999446666698,12,3,3,0.7999999946666667,0.7999999946666667,0.7999999446666698,12,3,3,0.7999999946666667,0.7999999946666667,0.7999999446666698,12,3,3,0.7999999946666667,0.7999999946666667,0.7999999446666698,11,4,4,0.7333333284444445,0.7333333284444445,0.733333278444448,11,4,4,0.7333333284444445,0.7333333284444445,0.733333278444448,11,4,4,0.7333333284444445,0.7333333284444445,0.733333278444448,0.7700886975203235,0.9626108783178101,0.7999999946666667
ReveryEarth_048,18,9,9,5,13,4,0.2777777762345679,0.5555555493827161,0.37037032318244695,5,13,4,0.2777777762345679,0.5555555493827161,0.37037032318244695,5,13,4,0.2777777762345679,0.5555555493827161,0.37037032318244695,5,13,4,0.2777777762345679,0.5555555493827161,0.37037032318244695,5,13,4,0.2777777762345679,0.5555555493827161,0.37037032318244695,5,13,4,0.2777777762345679,0.5555555493827161,0.37037032318244695,5,13,4,0.2777777762345679,0.5555555493827161,0.37037032318244695,5,13,4,0.2777777762345679,0.5555555493827161,0.37037032318244695,5,13,4,0.2777777762345679,0.5555555493827161,0.37037032318244695,5,13,4,0.2777777762345679,0.5555555493827161,0.37037032318244695,0.3602063994044314,0.9725572855960927,0.3703703676268862
ReveryEarth_065,2,2,0,2,0,0,0.9999999500000026,0.9999999500000026,0.9999999000000052,2,0,0,0.9999999500000026,0.9999999500000026,0.9999999000000052,2,0,0,0.9999999500000026,0.9999999500000026,0.9999999000000052,2,0,0,0.9999999500000026,0.9999999500000026,0.9999999000000052,2,0,0,0.9999999500000026,0.9999999500000026,0.9999999000000052,2,0,0,0.9999999500000026,0.9999999500000026,0.9999999000000052,2,0,0,0.9999999500000026,0.9999999500000026,0.9999999000000052,2,0,0,0.9999999500000026,0.9999999500000026,0.9999999000000052,2,0,0,0.9999999500000026,0.9999999500000026,0.9999999000000052,2,0,0,0.9999999500000026,0.9999999500000026,0.9999999000000052,0.9807935188916738,0.9807935679313495,0.9999999500000026
ReveryEarth_087,6,13,7,5,1,8,0.8333333194444447,0.38461538165680476,0.526315740720225,5,1,8,0.8333333194444447,0.38461538165680476,0.526315740720225,5,1,8,0.8333333194444447,0.38461538165680476,0.526315740720225,5,1,8,0.8333333194444447,0.38461538165680476,0.526315740720225,5,1,8,0.8333333194444447,0.38461538165680476,0.526315740720225,5,1,8,0.8333333194444447,0.38461538165680476,0.526315740720225,5,1,8,0.8333333194444447,0.38461538165680476,0.526315740720225,5,1,8,0.8333333194444447,0.38461538165680476,0.526315740720225,5,1,8,0.8333333194444447,0.38461538165680476,0.526315740720225,5,1,8,0.8333333194444447,0.38461538165680476,0.526315740720225,0.5164368882428899,0.9812300979902286,0.5263157839335181
RinToSiteSippuNoNaka_004,14,7,7,7,7,0,0.49999999642857146,0.9999999857142858,0.6666666158730187,7,7,0,0.49999999642857146,0.9999999857142858,0.6666666158730187,7,7,0,0.49999999642857146,0.9999999857142858,0.6666666158730187,7,7,0,0.49999999642857146,0.9999999857142858,0.6666666158730187,7,7,0,0.49999999642857146,0.9999999857142858,0.6666666158730187,7,7,0,0.49999999642857146,0.9999999857142858,0.6666666158730187,7,7,0,0.49999999642857146,0.9999999857142858,0.6666666158730187,7,7,0,0.49999999642857146,0.9999999857142858,0.6666666158730187,7,7,0,0.49999999642857146,0.9999999857142858,0.6666666158730187,7,7,0,0.49999999642857146,0.9999999857142858,0.6666666158730187,0.6532666816637357,0.9799000318279846,0.6666666603174605
RisingGirl_009,11,11,0,9,2,2,0.8181818107438018,0.8181818107438018,0.8181817607438049,9,2,2,0.8181818107438018,0.8181818107438018,0.8181817607438049,9,2,2,0.8181818107438018,0.8181818107438018,0.8181817607438049,9,2,2,0.8181818107438018,0.8181818107438018,0.8181817607438049,9,2,2,0.8181818107438018,0.8181818107438018,0.8181817607438049,9,2,2,0.8181818107438018,0.8181818107438018,0.8181817607438049,9,2,2,0.8181818107438018,0.8181818107438018,0.8181817607438049,9,2,2,0.8181818107438018,0.8181818107438018,0.8181817607438049,9,2,2,0.8181818107438018,0.8181818107438018,0.8181817607438049,8,3,3,0.7272727206611571,0.7272727206611571,0.7272726706611604,0.7979883512948301,0.9753191048935518,0.8181818107438018
RisingGirl_076,8,15,7,7,1,8,0.8749999890625002,0.4666666635555556,0.6086956015122907,6,2,9,0.7499999906250002,0.39999999733333336,0.5217390805293045,6,2,9,0.7499999906250002,0.39999999733333336,0.5217390805293045,6,2,9,0.7499999906250002,0.39999999733333336,0.5217390805293045,6,2,9,0.7499999906250002,0.39999999733333336,0.5217390805293045,6,2,9,0.7499999906250002,0.39999999733333336,0.5217390805293045,6,2,9,0.7499999906250002,0.39999999733333336,0.5217390805293045,6,2,9,0.7499999906250002,0.39999999733333336,0.5217390805293045,5,3,10,0.6249999921875001,0.33333333111111113,0.4347825595463185,5,3,10,0.6249999921875001,0.33333333111111113,0.4347825595463185,0.5490771232094303,0.9020552816880227,0.6086956468809075
SaladDays_vol18_080,18,14,4,8,10,6,0.44444444197530864,0.5714285673469388,0.49999994765625483,8,10,6,0.44444444197530864,0.5714285673469388,0.49999994765625483,8,10,6,0.44444444197530864,0.5714285673469388,0.49999994765625483,8,10,6,0.44444444197530864,0.5714285673469388,0.49999994765625483,8,10,6,0.44444444197530864,0.5714285673469388,0.49999994765625483,8,10,6,0.44444444197530864,0.5714285673469388,0.49999994765625483,8,10,6,0.44444444197530864,0.5714285673469388,0.49999994765625483,8,10,6,0.44444444197530864,0.5714285673469388,0.49999994765625483,8,10,6,0.44444444197530864,0.5714285673469388,0.49999994765625483,8,10,6,0.44444444197530864,0.5714285673469388,0.49999994765625483,0.48845122122722157,0.9769024485600835,0.49999999687499996
SamayoeruSyonenNiJunaiWo_006,3,3,0,1,2,2,0.3333333222222226,0.3333333222222226,0.33333327222223014,1,2,2,0.3333333222222226,0.3333333222222226,0.33333327222223014,1,2,2,0.3333333222222226,0.3333333222222226,0.33333327222223014,1,2,2,0.3333333222222226,0.3333333222222226,0.33333327222223014,0,3,3,0.0,0.0,0.0,0,3,3,0.0,0.0,0.0,0,3,3,0.0,0.0,0.0,0,3,3,0.0,0.0,0.0,0,3,3,0.0,0.0,0.0,0,3,3,0.0,0.0,0.0,0.227143198034001,0.6814296168163227,0.3333333222222226
SamayoeruSyonenNiJunaiWo_065,6,9,3,4,2,5,0.6666666555555557,0.4444444395061729,0.5333332782222265,4,2,5,0.6666666555555557,0.4444444395061729,0.5333332782222265,4,2,5,0.6666666555555557,0.4444444395061729,0.5333332782222265,4,2,5,0.6666666555555557,0.4444444395061729,0.5333332782222265,4,2,5,0.6666666555555557,0.4444444395061729,0.5333332782222265,4,2,5,0.6666666555555557,0.4444444395061729,0.5333332782222265,2,4,7,0.33333332777777785,0.22222221975308645,0.2666666151111198,2,4,7,0.33333332777777785,0.22222221975308645,0.2666666151111198,1,5,8,0.16666666388888893,0.11111110987654323,0.1333332835555728,1,5,8,0.16666666388888893,0.11111110987654323,0.1333332835555728,0.45992734404625935,0.8623637815849199,0.5333333262222223
SeisinkiVulnus_050,8,9,1,8,0,1,0.9999999875000002,0.8888888790123458,0.9411764096885841,8,0,1,0.9999999875000002,0.8888888790123458,0.9411764096885841,8,0,1,0.9999999875000002,0.8888888790123458,0.9411764096885841,8,0,1,0.9999999875000002,0.8888888790123458,0.9411764096885841,8,0,1,0.9999999875000002,0.8888888790123458,0.9411764096885841,8,0,1,0.9999999875000002,0.8888888790123458,0.9411764096885841,8,0,1,0.9999999875000002,0.8888888790123458,0.9411764096885841,8,0,1,0.9999999875000002,0.8888888790123458,0.9411764096885841,7,1,2,0.8749999890625002,0.7777777691358027,0.8235293522491383,7,1,2,0.8749999890625002,0.7777777691358027,0.8235293522491383,0.9137032236362107,0.9708096865347641,0.9411764595155712
ShimatteIkouze_vol26_013,28,20,8,17,11,3,0.6071428549744898,0.84999999575,0.7083332817708367,17,11,3,0.6071428549744898,0.84999999575,0.7083332817708367,17,11,3,0.6071428549744898,0.84999999575,0.7083332817708367,17,11,3,0.6071428549744898,0.84999999575,0.7083332817708367,17,11,3,0.6071428549744898,0.84999999575,0.7083332817708367,16,12,4,0.5714285693877551,0.7999999959999999,0.6666666152777813,16,12,4,0.5714285693877551,0.7999999959999999,0.6666666152777813,16,12,4,0.5714285693877551,0.7999999959999999,0.6666666152777813,16,12,4,0.5714285693877551,0.7999999959999999,0.6666666152777813,14,14,6,0.4999999982142857,0.6999999965,0.5833332822916707,0.6731792230003449,0.9503706717250706,0.7083333303819445
SyabondamaKieta_036,11,18,7,7,4,11,0.6363636305785125,0.38888888672839506,0.4827585702734885,7,4,11,0.6363636305785125,0.38888888672839506,0.4827585702734885,7,4,11,0.6363636305785125,0.38888888672839506,0.4827585702734885,7,4,11,0.6363636305785125,0.38888888672839506,0.4827585702734885,7,4,11,0.6363636305785125,0.38888888672839506,0.4827585702734885,7,4,11,0.6363636305785125,0.38888888672839506,0.4827585702734885,7,4,11,0.6363636305785125,0.38888888672839506,0.4827585702734885,7,4,11,0.6363636305785125,0.38888888672839506,0.4827585702734885,7,4,11,0.6363636305785125,0.38888888672839506,0.4827585702734885,7,4,11,0.6363636305785125,0.38888888672839506,0.4827585702734885,0.4723839863819551,0.9785096928252497,0.4827586173602854
SyabondamaKieta_040,24,16,8,16,8,0,0.6666666638888888,0.9999999937499999,0.7999999480000027,16,8,0,0.6666666638888888,0.9999999937499999,0.7999999480000027,16,8,0,0.6666666638888888,0.9999999937499999,0.7999999480000027,16,8,0,0.6666666638888888,0.9999999937499999,0.7999999480000027,16,8,0,0.6666666638888888,0.9999999937499999,0.7999999480000027,16,8,0,0.6666666638888888,0.9999999937499999,0.7999999480000027,16,8,0,0.6666666638888888,0.9999999937499999,0.7999999480000027,16,8,0,0.6666666638888888,0.9999999937499999,0.7999999480000027,16,8,0,0.6666666638888888,0.9999999937499999,0.7999999480000027,15,9,1,0.6249999973958333,0.937499994140625,0.749999948250003,0.778192282948857,0.9727403585497731,0.7999999959999999
SyabondamaKieta_041,24,12,12,11,13,1,0.4583333314236111,0.9166666590277779,0.6111110632716081,11,13,1,0.4583333314236111,0.9166666590277779,0.6111110632716081,11,13,1,0.4583333314236111,0.9166666590277779,0.6111110632716081,11,13,1,0.4583333314236111,0.9166666590277779,0.6111110632716081,11,13,1,0.4583333314236111,0.9166666590277779,0.6111110632716081,11,13,1,0.4583333314236111,0.9166666590277779,0.6111110632716081,11,13,1,0.4583333314236111,0.9166666590277779,0.6111110632716081,11,13,1,0.4583333314236111,0.9166666590277779,0.6111110632716081,10,14,2,0.41666666493055554,0.833333326388889,0.5555555080246949,10,14,2,0.41666666493055554,0.833333326388889,0.5555555080246949,0.590191982552904,0.9657687040883154,0.6111111077160494
TaiyouNiSmash_042,8,12,4,6,2,6,0.7499999906250002,0.4999999958333334,0.599999946000004,5,3,7,0.6249999921875001,0.4166666631944445,0.4999999470000046,5,3,7,0.6249999921875001,0.4166666631944445,0.4999999470000046,4,4,8,0.4999999937500001,0.3333333305555556,0.3999999480000058,3,5,9,0.3749999953125001,0.2499999979166667,0.2999999490000077,2,6,10,0.24999999687500005,0.1666666652777778,0.19999995000001153,2,6,10,0.24999999687500005,0.1666666652777778,0.19999995000001153,2,6,10,0.24999999687500005,0.1666666652777778,0.19999995000001153,2,6,10,0.24999999687500005,0.1666666652777778,0.19999995000001153,2,6,10,0.24999999687500005,0.1666666652777778,0.19999995000001153,0.4501635124559656,0.7502725282626678,0.5999999940000001
TasogareTsushin_077,27,14,13,12,15,2,0.4444444427983539,0.8571428510204082,0.5853658058298665,12,15,2,0.4444444427983539,0.8571428510204082,0.5853658058298665,12,15,2,0.4444444427983539,0.8571428510204082,0.5853658058298665,12,15,2,0.4444444427983539,0.8571428510204082,0.5853658058298665,12,15,2,0.4444444427983539,0.8571428510204082,0.5853658058298665,12,15,2,0.4444444427983539,0.8571428510204082,0.5853658058298665,12,15,2,0.4444444427983539,0.8571428510204082,0.5853658058298665,12,15,2,0.4444444427983539,0.8571428510204082,0.5853658058298665,12,15,2,0.4444444427983539,0.8571428510204082,0.5853658058298665,11,16,3,0.40740740589849106,0.7857142801020409,0.5365853182629423,0.5674041171822257,0.9693153715813367,0.5853658508030933
TennenSenshiG_001,15,8,7,7,8,1,0.4666666635555556,0.8749999890625002,0.6086956015122907,7,8,1,0.4666666635555556,0.8749999890625002,0.6086956015122907,7,8,1,0.4666666635555556,0.8749999890625002,0.6086956015122907,7,8,1,0.4666666635555556,0.8749999890625002,0.6086956015122907,7,8,1,0.4666666635555556,0.8749999890625002,0.6086956015122907,7,8,1,0.4666666635555556,0.8749999890625002,0.6086956015122907,7,8,1,0.4666666635555556,0.8749999890625002,0.6086956015122907,7,8,1,0.4666666635555556,0.8749999890625002,0.6086956015122907,7,8,1,0.4666666635555556,0.8749999890625002,0.6086956015122907,7,8,1,0.4666666635555556,0.8749999890625002,0.6086956015122907,0.5914888805431477,0.9717317407707267,0.6086956468809075
TennenSenshiG_017,34,24,10,18,16,6,0.5294117631487889,0.749999996875,0.6206896045184341,18,16,6,0.5294117631487889,0.749999996875,0.6206896045184341,18,16,6,0.5294117631487889,0.749999996875,0.6206896045184341,18,16,6,0.5294117631487889,0.749999996875,0.6206896045184341,18,16,6,0.5294117631487889,0.749999996875,0.6206896045184341,18,16,6,0.5294117631487889,0.749999996875,0.6206896045184341,18,16,6,0.5294117631487889,0.749999996875,0.6206896045184341,18,16,6,0.5294117631487889,0.749999996875,0.6206896045184341,18,16,6,0.5294117631487889,0.749999996875,0.6206896045184341,18,16,6,0.5294117631487889,0.749999996875,0.6206896045184341,0.6044036425849393,0.9737614275224225,0.6206896530321047
TotteokiNoABC_014,10,14,4,3,7,11,0.2999999970000001,0.21428571275510205,0.24999994930556502,3,7,11,0.2999999970000001,0.21428571275510205,0.24999994930556502,3,7,11,0.2999999970000001,0.21428571275510205,0.24999994930556502,3,7,11,0.2999999970000001,0.21428571275510205,0.24999994930556502,3,7,11,0.2999999970000001,0.21428571275510205,0.24999994930556502,3,7,11,0.2999999970000001,0.21428571275510205,0.24999994930556502,3,7,11,0.2999999970000001,0.21428571275510205,0.24999994930556502,3,7,11,0.2999999970000001,0.21428571275510205,0.24999994930556502,3,7,11,0.2999999970000001,0.21428571275510205,0.24999994930556502,2,8,12,0.19999999800000004,0.1428571418367347,0.16666661666668084,0.23961049891410527,0.9584420036434377,0.2499999979166667
ToutaMairimasu_061,11,9,2,8,3,1,0.7272727206611571,0.8888888790123458,0.7999999425000033,8,3,1,0.7272727206611571,0.8888888790123458,0.7999999425000033,8,3,1,0.7272727206611571,0.8888888790123458,0.7999999425000033,8,3,1,0.7272727206611571,0.8888888790123458,0.7999999425000033,8,3,1,0.7272727206611571,0.8888888790123458,0.7999999425000033,8,3,1,0.7272727206611571,0.8888888790123458,0.7999999425000033,8,3,1,0.7272727206611571,0.8888888790123458,0.7999999425000033,8,3,1,0.7272727206611571,0.8888888790123458,0.7999999425000033,8,3,1,0.7272727206611571,0.8888888790123458,0.7999999425000033,8,3,1,0.7272727206611571,0.8888888790123458,0.7999999425000033,0.7802289357106477,0.9752861793911711,0.7999999920000002
ToutaMairimasu_095,9,7,2,3,6,4,0.3333333296296297,0.42857142244897967,0.37499994609375653,3,6,4,0.3333333296296297,0.42857142244897967,0.37499994609375653,3,6,4,0.3333333296296297,0.42857142244897967,0.37499994609375653,3,6,4,0.3333333296296297,0.42857142244897967,0.37499994609375653,3,6,4,0.3333333296296297,0.42857142244897967,0.37499994609375653,3,6,4,0.3333333296296297,0.42857142244897967,0.37499994609375653,3,6,4,0.3333333296296297,0.42857142244897967,0.37499994609375653,3,6,4,0.3333333296296297,0.42857142244897967,0.37499994609375653,3,6,4,0.3333333296296297,0.42857142244897967,0.37499994609375653,3,6,4,0.3333333296296297,0.42857142244897967,0.37499994609375653,0.3637674951606035,0.9700466658871925,0.3749999953125001
TouyouKidan_031,6,7,1,4,2,3,0.6666666555555557,0.5714285632653062,0.6153845562130219,4,2,3,0.6666666555555557,0.5714285632653062,0.6153845562130219,4,2,3,0.6666666555555557,0.5714285632653062,0.6153845562130219,4,2,3,0.6666666555555557,0.5714285632653062,0.6153845562130219,4,2,3,0.6666666555555557,0.5714285632653062,0.6153845562130219,4,2,3,0.6666666555555557,0.5714285632653062,0.6153845562130219,4,2,3,0.6666666555555557,0.5714285632653062,0.6153845562130219,4,2,3,0.6666666555555557,0.5714285632653062,0.6153845562130219,4,2,3,0.6666666555555557,0.5714285632653062,0.6153845562130219,4,2,3,0.6666666555555557,0.5714285632653062,0.6153845562130219,0.602684862325044,0.9793629163453181,0.6153846059171599
TouyouKidan_066,20,12,8,11,9,1,0.5499999972499999,0.9166666590277779,0.687499948828128,11,9,1,0.5499999972499999,0.9166666590277779,0.687499948828128,11,9,1,0.5499999972499999,0.9166666590277779,0.687499948828128,11,9,1,0.5499999972499999,0.9166666590277779,0.687499948828128,11,9,1,0.5499999972499999,0.9166666590277779,0.687499948828128,11,9,1,0.5499999972499999,0.9166666590277779,0.687499948828128,11,9,1,0.5499999972499999,0.9166666590277779,0.687499948828128,11,9,1,0.5499999972499999,0.9166666590277779,0.687499948828128,10,10,2,0.49999999749999996,0.833333326388889,0.6249999492187535,10,10,2,0.49999999749999996,0.833333326388889,0.6249999492187535,0.6644113440032494,0.966416506408466,0.6874999957031249
TsubasaNoKioku_002,5,3,2,0,5,3,0.0,0.0,0.0,0,5,3,0.0,0.0,0.0,0,5,3,0.0,0.0,0.0,0,5,3,0.0,0.0,0.0,0,5,3,0.0,0.0,0.0,0,5,3,0.0,0.0,0.0,0,5,3,0.0,0.0,0.0,0,5,3,0.0,0.0,0.0,0,5,3,0.0,0.0,0.0,0,5,3,0.0,0.0,0.0,0.0,0.0,0.0
TsubasaNoKioku_008,8,6,2,3,5,3,0.3749999953125001,0.4999999916666668,0.4285713734693935,3,5,3,0.3749999953125001,0.4999999916666668,0.4285713734693935,3,5,3,0.3749999953125001,0.4999999916666668,0.4285713734693935,3,5,3,0.3749999953125001,0.4999999916666668,0.4285713734693935,2,6,4,0.24999999687500005,0.33333332777777785,0.2857142326530697,2,6,4,0.24999999687500005,0.33333332777777785,0.2857142326530697,2,6,4,0.24999999687500005,0.33333332777777785,0.2857142326530697,2,6,4,0.24999999687500005,0.33333332777777785,0.2857142326530697,2,6,4,0.24999999687500005,0.33333332777777785,0.2857142326530697,2,6,4,0.24999999687500005,0.33333332777777785,0.2857142326530697,0.3776790202234329,0.8812510597773108,0.42857142244897967
TsubasaNoKioku_076,3,3,0,1,2,2,0.3333333222222226,0.3333333222222226,0.33333327222223014,1,2,2,0.3333333222222226,0.3333333222222226,0.33333327222223014,1,2,2,0.3333333222222226,0.3333333222222226,0.33333327222223014,1,2,2,0.3333333222222226,0.3333333222222226,0.33333327222223014,1,2,2,0.3333333222222226,0.3333333222222226,0.33333327222223014,1,2,2,0.3333333222222226,0.3333333222222226,0.33333327222223014,1,2,2,0.3333333222222226,0.3333333222222226,0.33333327222223014,1,2,2,0.3333333222222226,0.3333333222222226,0.33333327222223014,1,2,2,0.3333333222222226,0.3333333222222226,0.33333327222223014,0,3,3,0.0,0.0,0.0,0.30800280423191034,0.9240084434960114,0.3333333222222226
UchiNoNyan'sDiary_031,18,16,2,13,5,3,0.7222222182098765,0.812499994921875,0.7647058280276848,13,5,3,0.7222222182098765,0.812499994921875,0.7647058280276848,13,5,3,0.7222222182098765,0.812499994921875,0.7647058280276848,13,5,3,0.7222222182098765,0.812499994921875,0.7647058280276848,12,6,4,0.666666662962963,0.7499999953125,0.7058822989619412,12,6,4,0.666666662962963,0.7499999953125,0.7058822989619412,12,6,4,0.666666662962963,0.7499999953125,0.7058822989619412,12,6,4,0.666666662962963,0.7499999953125,0.7058822989619412,12,6,4,0.666666662962963,0.7499999953125,0.7058822989619412,12,6,4,0.666666662962963,0.7499999953125,0.7058822989619412,0.7255890393128553,0.9488472108367265,0.7647058778546713
UchuKigekiM774_026,25,17,8,15,10,2,0.5999999976,0.8823529359861592,0.714285662698416,15,10,2,0.5999999976,0.8823529359861592,0.714285662698416,15,10,2,0.5999999976,0.8823529359861592,0.714285662698416,15,10,2,0.5999999976,0.8823529359861592,0.714285662698416,15,10,2,0.5999999976,0.8823529359861592,0.714285662698416,15,10,2,0.5999999976,0.8823529359861592,0.714285662698416,15,10,2,0.5999999976,0.8823529359861592,0.714285662698416,15,10,2,0.5999999976,0.8823529359861592,0.714285662698416,15,10,2,0.5999999976,0.8823529359861592,0.714285662698416,13,12,4,0.51999999792,0.7647058778546713,0.6190475679138359,0.6933424243974249,0.9706793987786778,0.7142857108843537
UltraEleven_019,21,16,5,15,6,1,0.7142857108843537,0.937499994140625,0.8108107573411277,14,7,2,0.6666666634920635,0.87499999453125,0.7567567035792582,14,7,2,0.6666666634920635,0.87499999453125,0.7567567035792582,14,7,2,0.6666666634920635,0.87499999453125,0.7567567035792582,14,7,2,0.6666666634920635,0.87499999453125,0.7567567035792582,14,7,2,0.6666666634920635,0.87499999453125,0.7567567035792582,14,7,2,0.6666666634920635,0.87499999453125,0.7567567035792582,14,7,2,0.6666666634920635,0.87499999453125,0.7567567035792582,14,7,2,0.6666666634920635,0.87499999453125,0.7567567035792582,13,8,3,0.6190476160997732,0.812499994921875,0.7027026498173884,0.7639564654858809,0.9422129791922963,0.8108108064280496
UltraEleven_070,13,10,3,6,7,4,0.46153845798816573,0.5999999940000001,0.521739076748587,5,8,5,0.38461538165680476,0.4999999950000001,0.43478255576560115,5,8,5,0.38461538165680476,0.4999999950000001,0.43478255576560115,5,8,5,0.38461538165680476,0.4999999950000001,0.43478255576560115,5,8,5,0.38461538165680476,0.4999999950000001,0.43478255576560115,5,8,5,0.38461538165680476,0.4999999950000001,0.43478255576560115,5,8,5,0.38461538165680476,0.4999999950000001,0.43478255576560115,5,8,5,0.38461538165680476,0.4999999950000001,0.43478255576560115,4,9,6,0.30769230532544384,0.3999999960000001,0.3478260347826157,3,10,7,0.23076922899408286,0.2999999970000001,0.26086951379963125,0.4581456187484591,0.8781124435703068,0.5217391258979207
WarewareHaOniDearu_026,6,4,2,4,2,0,0.6666666555555557,0.9999999750000006,0.7999999360000031,4,2,0,0.6666666555555557,0.9999999750000006,0.7999999360000031,4,2,0,0.6666666555555557,0.9999999750000006,0.7999999360000031,4,2,0,0.6666666555555557,0.9999999750000006,0.7999999360000031,4,2,0,0.6666666555555557,0.9999999750000006,0.7999999360000031,3,3,1,0.4999999916666668,0.7499999812500004,0.5999999400000039,3,3,1,0.4999999916666668,0.7499999812500004,0.5999999400000039,2,4,2,0.33333332777777785,0.4999999875000003,0.3999999440000059,2,4,2,0.33333332777777785,0.4999999875000003,0.3999999440000059,0,6,4,0.0,0.0,0.0,0.6837735211586735,0.85471691854268,0.7999999840000003
YoumaKourin_072,20,19,1,16,4,3,0.7999999959999999,0.8421052587257617,0.8205127663379385,16,4,3,0.7999999959999999,0.8421052587257617,0.8205127663379385,16,4,3,0.7999999959999999,0.8421052587257617,0.8205127663379385,16,4,3,0.7999999959999999,0.8421052587257617,0.8205127663379385,16,4,3,0.7999999959999999,0.8421052587257617,0.8205127663379385,16,4,3,0.7999999959999999,0.8421052587257617,0.8205127663379385,16,4,3,0.7999999959999999,0.8421052587257617,0.8205127663379385,16,4,3,0.7999999959999999,0.8421052587257617,0.8205127663379385,15,5,4,0.74999999625,0.7894736800554016,0.7692307153188724,14,6,5,0.6999999965,0.7368421013850416,0.7179486642998062,0.7882719280810001,0.9607064172754185,0.8205128163050625
YoumaKourin_090,2,2,0,0,2,2,0.0,0.0,0.0,0,2,2,0.0,0.0,0.0,0,2,2,0.0,0.0,0.0,0,2,2,0.0,0.0,0.0,0,2,2,0.0,0.0,0.0,0,2,2,0.0,0.0,0.0,0,2,2,0.0,0.0,0.0,0,2,2,0.0,0.0,0.0,0,2,2,0.0,0.0,0.0,0,2,2,0.0,0.0,0.0,0.0,0.0,0.0
YoumaKourin_091,6,5,1,3,3,2,0.4999999916666668,0.5999999880000002,0.5454544859504179,3,3,2,0.4999999916666668,0.5999999880000002,0.5454544859504179,3,3,2,0.4999999916666668,0.5999999880000002,0.5454544859504179,3,3,2,0.4999999916666668,0.5999999880000002,0.5454544859504179,3,3,2,0.4999999916666668,0.5999999880000002,0.5454544859504179,3,3,2,0.4999999916666668,0.5999999880000002,0.5454544859504179,3,3,2,0.4999999916666668,0.5999999880000002,0.5454544859504179,3,3,2,0.4999999916666668,0.5999999880000002,0.5454544859504179,3,3,2,0.4999999916666668,0.5999999880000002,0.5454544859504179,2,4,3,0.33333332777777785,0.39999999200000014,0.3636363074380234,0.5229463956877853,0.9587350761924863,0.5454545355371903
YukiNoFuruMachi_061,12,10,2,4,8,6,0.3333333305555556,0.3999999960000001,0.3636363107438084,4,8,6,0.3333333305555556,0.3999999960000001,0.3636363107438084,4,8,6,0.3333333305555556,0.3999999960000001,0.3636363107438084,4,8,6,0.3333333305555556,0.3999999960000001,0.3636363107438084,4,8,6,0.3333333305555556,0.3999999960000001,0.3636363107438084,4,8,6,0.3333333305555556,0.3999999960000001,0.3636363107438084,4,8,6,0.3333333305555556,0.3999999960000001,0.3636363107438084,3,9,7,0.2499999979166667,0.2999999970000001,0.2727272206611661,3,9,7,0.2499999979166667,0.2999999970000001,0.2727272206611661,3,9,7,0.2499999979166667,0.2999999970000001,0.2727272206611661,0.3419582052207176,0.9403850729059285,0.36363636033057856
YumeNoKayoiji_005,12,11,1,7,5,4,0.5833333284722223,0.6363636305785125,0.6086955969754295,7,5,4,0.5833333284722223,0.6363636305785125,0.6086955969754295,6,6,5,0.4999999958333334,0.5454545404958678,0.5217390759924434,6,6,5,0.4999999958333334,0.5454545404958678,0.5217390759924434,6,6,5,0.4999999958333334,0.5454545404958678,0.5217390759924434,6,6,5,0.4999999958333334,0.5454545404958678,0.5217390759924434,6,6,5,0.4999999958333334,0.5454545404958678,0.5217390759924434,6,6,5,0.4999999958333334,0.5454545404958678,0.5217390759924434,6,6,5,0.4999999958333334,0.5454545404958678,0.5217390759924434,6,6,5,0.4999999958333334,0.5454545404958678,0.5217390759924434,0.560221754595609,0.9203643191245253,0.6086956468809075
YumeiroCooking_087,10,8,2,5,5,3,0.4999999950000001,0.6249999921875001,0.5555555000000044,5,5,3,0.4999999950000001,0.6249999921875001,0.5555555000000044,5,5,3,0.4999999950000001,0.6249999921875001,0.5555555000000044,4,6,4,0.3999999960000001,0.4999999937500001,0.4444443901234624,4,6,4,0.3999999960000001,0.4999999937500001,0.4444443901234624,4,6,4,0.3999999960000001,0.4999999937500001,0.4444443901234624,4,6,4,0.3999999960000001,0.4999999937500001,0.4444443901234624,4,6,4,0.3999999960000001,0.4999999937500001,0.4444443901234624,3,7,5,0.2999999970000001,0.3749999953125001,0.333333280246921,3,7,5,0.2999999970000001,0.3749999953125001,0.333333280246921,0.4903299174767373,0.8825938612647255,0.5555555493827161
